architecture,families,train_cov_greedy,train_cov,status,mip_gap,val_cov,val_cov_unweighted,assemblies,crowns,val_p05,val_p50,val_p95
size_only,1,0.4419246397028409,0.4419246397028409,optimal,0.0,0.4499016901727985,0.4433333333333333,['S13-L13'],['S13'],0.4409602223314552,0.4499016901727985,0.4499016901727985
size_only,2,0.5727666442283518,0.5888017939838281,optimal,0.0,0.6264633039664235,0.615,"['S11-L13', 'S15-L13']","['S11', 'S15']",0.5625751503006012,0.6060205316292964,0.6264633039664235
size_only,3,0.6687066609354343,0.6692824875710658,optimal,0.0,0.6649062275494385,0.655,"['S10-L13', 'S12-L13', 'S16-L13']","['S10', 'S12', 'S16']",0.6451991719287633,0.6465393050251447,0.6714343781903429
size_only,4,0.7034294125757292,0.7166892401521479,optimal,0.0,0.7174764623586797,0.72,"['S08-L13', 'S11-L13', 'S14-L13', 'S17-L13']","['S08', 'S11', 'S14', 'S17']",0.7052327768745038,0.7165448822172646,0.7259821529852157
size_only,5,0.735313987721105,0.7459935442534933,optimal,0.0,0.7521051537036336,0.7516666666666667,"['S08-L13', 'S11-L13', 'S14-L13', 'S15-L13', 'S19-L13']","['S08', 'S11', 'S14', 'S15', 'S19']",0.7246320943774341,0.7416857299504669,0.7522012421068551
size_only,6,0.763793886505381,0.7678121020916292,optimal,0.0,0.7746823836351948,0.7716666666666666,"['S08-L13', 'S10-L13', 'S12-L13', 'S14-L13', 'S15-L13', 'S19-L13']","['S08', 'S10', 'S12', 'S14', 'S15', 'S19']",0.7572433546337959,0.7679854993004877,0.7802349982984838
shape_integrated,1,0.6932060567229786,0.6932060567229786,optimal,0.0,0.6901680719930426,0.675,['G184-L20'],['G184'],0.6833024539645327,0.6901680719930426,0.6908469297084735
shape_integrated,2,0.8275220801128943,0.8661969489298544,optimal,0.0,0.8468077664763489,0.8383333333333334,"['S13-L20', 'S19-L20']","['S13', 'S19']",0.8265494668582447,0.8458322304987332,0.8471037357734337
shape_integrated,3,0.9137987526459638,0.91610205918849,optimal,0.0,0.9034342269444549,0.8916666666666667,"['S13-L20', 'G191-L20', 'G220-L20']","['G191', 'G220', 'S13']",0.8922435436911558,0.9126176882066016,0.91561774492381
shape_integrated,4,0.9390722702978888,0.943889749474862,time_limit,0.005831920479408,0.9370873823117932,0.93,"['S11-L20', 'S20-L11', 'G148-L20', 'G226-L20']","['G148', 'G226', 'S11', 'S20']",0.909769869928536,0.9259821529852156,0.931380355049722
shape_integrated,5,0.9584837105943989,0.9598052732743446,time_limit,0.0116936014755364,0.9569799977313116,0.95,"['S11-L20', 'G148-L20', 'G149-L11', 'G219-L20', 'G227-L20']","['G148', 'G149', 'G219', 'G227', 'S11']",0.9259788444814157,0.9404431504518472,0.9446740178470148
shape_integrated,6,0.9738359786214222,0.9738359786214222,time_limit,0.008306205859526,0.9542953832192688,0.95,"['S08-L11', 'S13-L20', 'G149-L11', 'G178-L23', 'G184-L20', 'G227-L20']","['G149', 'G178', 'G184', 'G227', 'S08', 'S13']",0.9417190985745074,0.9499016901727984,0.9561078761296178
modular,1,0.8144573036715028,0.8199418496200354,optimal,0.0,0.793445381328695,0.7833333333333333,"['S15-L11', 'S15-L14', 'S15-L20']",['S15'],0.7694708284493514,0.7909734563466556,0.8028598706847657
modular,2,0.9041544675225666,0.9427506670667716,time_limit,0.0348142375551527,0.935561689416569,0.9266666666666666,"['G147-L02', 'G147-L20', 'G147-L23', 'G191-L11', 'G191-L20', 'G191-L23']","['G147', 'G191']",0.8671382387416342,0.8837396491095396,0.9002002590085831
modular,3,0.970733408488171,0.970733408488171,time_limit,0.0210241866380663,0.96750576624948,0.9583333333333334,"['S12-L05', 'S12-L20', 'S12-L23', 'G148-L11', 'G148-L14', 'G148-L20', 'G227-L01', 'G227-L20', 'G227-L23']","['G148', 'G227', 'S12']",0.9360297009112564,0.954860192082278,0.96312970280183
modular,4,0.9841631454732724,0.9859031962433392,time_limit,0.010799350361172,0.9720828449351532,0.9683333333333334,"['S11-L14', 'S11-L20', 'S11-L23', 'G148-L02', 'G148-L14', 'G148-L20', 'G178-L11', 'G178-L14', 'G178-L20', 'G227-L01', 'G227-L05', 'G227-L20']","['G148', 'G178', 'G227', 'S11']",0.963500869663856,0.9692918856581088,0.9778951298824065
modular,5,0.992369486054452,0.992369486054452,time_limit,0.0067526701679708,0.9879485385866072,0.9883333333333332,"['S12-L05', 'S12-L20', 'S12-L23', 'G110-L02', 'G110-L05', 'G110-L20', 'G148-L11', 'G148-L14', 'G148-L20', 'G178-L02', 'G178-L14', 'G178-L20', 'G227-L01', 'G227-L20', 'G227-L23']","['G110', 'G148', 'G178', 'G227', 'S12']",0.967371204673498,0.977239384429236,0.9829064260596664
modular,6,0.9959817844137516,0.9959817844137516,time_limit,0.0031277088046917,0.9879485385866072,0.9883333333333332,"['S12-L05', 'S12-L20', 'S12-L23', 'G110-L02', 'G110-L05', 'G110-L20', 'G148-L11', 'G148-L14', 'G148-L20', 'G178-L02', 'G178-L14', 'G178-L20', 'G221-L04', 'G221-L14', 'G227-L01', 'G227-L20', 'G227-L23']","['G110', 'G148', 'G178', 'G221', 'G227', 'S12']",0.972375174878058,0.9805805006238892,0.9851568230801224
size_only_modular,1,,0.82,optimal,0.0,0.793,,,,,,
size_only_modular,2,,0.943,optimal,0.0,0.951,,,,,,
size_only_modular,3,,0.972,optimal,0.0,0.959,,,,,,
size_only_modular,4,,0.986,optimal,0.0,0.972,,,,,,
size_only_modular,5,,0.991,optimal,0.0,0.975,,,,,,
size_only_modular,6,,0.993,optimal,0.0,0.985,,,,,,
