sex,status,n,head_length_mean,head_breadth_mean,head_circumference_mean,tragion_top_mean,menton_sellion_mean
F,excluded,109,184.5,147.5,549.8,122.9,112.0
F,geometric_feasible,546,190.9,148.0,564.1,127.1,113.3
M,excluded,99,200.6,155.8,577.9,132.9,122.8
M,geometric_feasible,1246,199.6,154.3,574.4,131.3,122.5
all,reason:field_of_view,71,,,,,
all,reason:pad_too_loose,68,,,,,
all,reason:pad_too_tight,32,,,,,
all,reason:nose,28,,,,,
all,reason:pad_between_steps,14,,,,,
all,reason:unpadded_gap,1,,,,,
