crown,lower,eye_z,face_offset,chin_drop,interface_compatible,heads_fitted
S13,S13-L00,11.0,10,140.0,True,150
S13,S13-L01,11.0,10,155.0,True,223
S13,S13-L02,11.0,10,170.0,True,224
S13,S13-L03,11.0,22,140.0,True,177
S13,S13-L04,11.0,22,155.0,True,276
S13,S13-L05,11.0,22,170.0,True,281
S13,S13-L06,11.0,34,140.0,True,27
S13,S13-L07,11.0,34,155.0,True,45
S13,S13-L08,11.0,34,170.0,True,45
S13,S13-L09,17.0,10,140.0,True,226
S13,S13-L10,17.0,10,155.0,True,345
S13,S13-L11,17.0,10,170.0,True,353
S13,S13-L12,17.0,22,140.0,True,202
S13,S13-L13,17.0,22,155.0,True,338
S13,S13-L14,17.0,22,170.0,True,345
S13,S13-L15,17.0,34,140.0,True,12
S13,S13-L16,17.0,34,155.0,True,28
S13,S13-L17,17.0,34,170.0,True,28
S13,S13-L18,23.0,10,140.0,True,189
S13,S13-L19,23.0,10,155.0,True,341
S13,S13-L20,23.0,10,170.0,True,360
S13,S13-L21,23.0,22,140.0,True,129
S13,S13-L22,23.0,22,155.0,True,249
S13,S13-L23,23.0,22,170.0,True,256
S13,S13-L24,23.0,34,140.0,True,3
S13,S13-L25,23.0,34,155.0,True,15
S13,S13-L26,23.0,34,170.0,True,15
S20,S20-L00,11.0,10,140.0,True,22
S20,S20-L01,11.0,10,155.0,True,37
S20,S20-L02,11.0,10,170.0,True,37
S20,S20-L03,11.0,22,140.0,True,15
S20,S20-L04,11.0,22,155.0,True,26
S20,S20-L05,11.0,22,170.0,True,26
S20,S20-L06,11.0,34,140.0,True,2
S20,S20-L07,11.0,34,155.0,True,2
S20,S20-L08,11.0,34,170.0,True,2
S20,S20-L09,17.0,10,140.0,True,92
S20,S20-L10,17.0,10,155.0,True,166
S20,S20-L11,17.0,10,170.0,True,167
S20,S20-L12,17.0,22,140.0,True,37
S20,S20-L13,17.0,22,155.0,True,73
S20,S20-L14,17.0,22,170.0,True,74
S20,S20-L15,17.0,34,140.0,True,1
S20,S20-L16,17.0,34,155.0,True,1
S20,S20-L17,17.0,34,170.0,True,1
S20,S20-L18,23.0,10,140.0,True,153
S20,S20-L19,23.0,10,155.0,True,282
S20,S20-L20,23.0,10,170.0,True,290
S20,S20-L21,23.0,22,140.0,True,50
S20,S20-L22,23.0,22,155.0,True,114
S20,S20-L23,23.0,22,170.0,True,115
S20,S20-L24,23.0,34,140.0,True,3
S20,S20-L25,23.0,34,155.0,True,4
S20,S20-L26,23.0,34,170.0,True,4
