architecture,families,train_cov_greedy,train_cov,status,mip_gap,val_cov,val_cov_unweighted,assemblies,crowns
size_only,1,0.5312678088367899,0.5312678088367899,optimal,0.0,0.6017780399426984,0.5611111111111111,['S12-L13'],['S12']
size_only,2,0.6312461677186656,0.6700270513976556,optimal,0.0,0.6853796241678606,0.6555555555555556,"['S10-L13', 'S15-L13']","['S10', 'S15']"
size_only,3,0.7145536519386835,0.7298503155996394,optimal,0.0,0.7338838796663015,0.7222222222222222,"['S09-L13', 'S11-L13', 'S15-L13']","['S09', 'S11', 'S15']"
size_only,4,0.745965734896303,0.7549792605951308,optimal,0.0,0.7434566444762789,0.7333333333333333,"['S09-L13', 'S11-L13', 'S15-L13', 'S16-L13']","['S09', 'S11', 'S15', 'S16']"
size_only,5,0.7650856627592426,0.7732840396753834,optimal,0.0,0.7772815370354766,0.7777777777777778,"['S02-L13', 'S09-L13', 'S11-L13', 'S15-L13', 'S16-L13']","['S02', 'S09', 'S11', 'S15', 'S16']"
size_only,6,0.7833904418394951,0.7842091974752029,optimal,0.0,0.7823881351647428,0.7888888888888889,"['S06-L13', 'S09-L13', 'S10-L13', 'S13-L13', 'S15-L13', 'S16-L13']","['S06', 'S09', 'S10', 'S13', 'S15', 'S16']"
shape_integrated,1,0.8410207394048694,0.8410207394048694,optimal,0.0,0.8736411898542176,0.8611111111111112,['S16-L20'],['S16']
shape_integrated,2,0.9125915238954013,0.9336230838593329,optimal,0.0,0.9617089407600912,0.9555555555555556,"['G038-L11', 'G055-L20']","['G038', 'G055']"
shape_integrated,3,0.9628494138863841,0.9696807935076647,optimal,0.0,0.9572427740793799,0.9555555555555556,"['S10-L20', 'S18-L01', 'G055-L20']","['G055', 'S10', 'S18']"
shape_integrated,4,0.9814247069431922,0.988800721370604,optimal,0.0,0.9763883036993344,0.9777777777777777,"['S10-L20', 'S17-L20', 'S20-L11', 'G042-L02']","['G042', 'S10', 'S17', 'S20']"
shape_integrated,5,0.9879819657348964,0.9939909828674481,optimal,0.0,0.9904272351900227,0.9888888888888889,"['S17-L20', 'S18-L01', 'G038-L11', 'G041-L20', 'G055-L05']","['G038', 'G041', 'G055', 'S17', 'S18']"
shape_integrated,6,0.9939909828674481,0.9969954914337241,optimal,0.0,0.9763883036993344,0.9777777777777777,"['S09-L02', 'S10-L20', 'S17-L20', 'G019-L11', 'G055-L05', 'G075-L02']","['G019', 'G055', 'G075', 'S09', 'S10', 'S17']"
modular,1,0.9095834084761046,0.9202380522993688,optimal,0.0,0.9521361759501137,0.9444444444444444,"['S14-L01', 'S14-L14', 'S14-L20']",['S14']
modular,2,0.9595743913435527,0.9879819657348964,optimal,0.0,0.9808544703800455,0.9777777777777777,"['S09-L02', 'S09-L05', 'S09-L20', 'G055-L02', 'G055-L05', 'G055-L20']","['G055', 'S09']"
modular,3,0.9907123534715959,0.994809738503156,optimal,0.0,0.9878739361253897,0.9833333333333333,"['S12-L02', 'S12-L11', 'S12-L14', 'G018-L01', 'G018-L20', 'G075-L02', 'G075-L04', 'G075-L11']","['G018', 'G075', 'S12']"
modular,4,0.994809738503156,0.9969954914337241,optimal,0.0,0.9974467009353671,0.9944444444444445,"['S08-L02', 'S08-L23', 'S12-L02', 'S12-L14', 'S12-L20', 'G018-L01', 'G075-L02', 'G075-L11', 'G075-L22']","['G018', 'G075', 'S08', 'S12']"
modular,5,0.9969954914337241,0.9969954914337241,optimal,0.0,0.9929805342546558,0.9944444444444445,"['S15-L11', 'S15-L13', 'S15-L20', 'G006-L00', 'G006-L23', 'G012-L12', 'G038-L02', 'G038-L11', 'G038-L20', 'G071-L02', 'G071-L11']","['G006', 'G012', 'G038', 'G071', 'S15']"
modular,6,0.9969954914337241,0.9969954914337241,optimal,0.0,0.9929805342546558,0.9944444444444445,"['S15-L11', 'S15-L13', 'S15-L20', 'G006-L00', 'G006-L23', 'G012-L12', 'G038-L02', 'G038-L11', 'G038-L20', 'G071-L02', 'G071-L11']","['G006', 'G012', 'G038', 'G071', 'S15']"
