scenario,allowances_mm,radial_offset,size_only_k1_val,size_only_k2_val,size_only_k3_val,size_only_k4_val,size_only_k6_val,size_only_dies_for_90,modular_k1_val,modular_k2_val,modular_k3_val,modular_k4_val,modular_k6_val,modular_dies_for_90
baseline,7.32,30.0,0.535,0.653,0.75,0.763,0.77,unreachable,0.839,0.951,0.99,0.974,0.974,2
female_30,7.32,30.0,0.478,0.646,0.741,0.772,0.772,unreachable,0.885,0.936,0.978,0.967,0.972,2
liner_depth_25,7.32,27.0,0.303,0.412,0.556,0.615,0.698,unreachable,0.602,0.738,0.803,0.846,0.905,6
liner_depth_35,7.32,33.0,0.602,0.685,0.734,0.743,0.782,unreachable,0.952,0.981,0.988,0.997,0.993,1
padding_compressed_basis,7.32,31.5,0.505,0.655,0.733,0.763,0.789,unreachable,0.821,0.962,0.983,0.983,0.988,2
pressure_band_wide,7.32,30.0,0.72,0.801,0.863,0.882,0.887,10,0.924,0.985,0.997,0.997,0.997,2
shape_prior_wide,8.18,31.5,0.317,0.48,0.511,0.553,0.579,unreachable,0.75,0.813,0.862,0.919,0.924,4
tolerance_loose,10.82,33.0,0.372,0.452,0.493,0.53,0.589,unreachable,0.796,0.938,0.952,0.971,0.957,2
tolerance_tight,5.07,28.5,0.619,0.764,0.814,0.835,0.872,12,0.871,0.947,0.978,0.988,0.995,2
