id,crown_id,eye_z,face_y,z_low,face_offset,grille_top,grille_bottom,status
S11-L20,S11,23.0,135.11840508444163,-147.0,10,48.0,-47.0,EXPLORATORY
S14-L02,S14,11.0,136.824042083268,-159.0,10,36.0,-59.0,EXPLORATORY
S14-L20,S14,23.0,138.50897867257927,-147.0,10,48.0,-47.0,EXPLORATORY
S14-L23,S14,23.0,150.50897867257927,-147.0,22,48.0,-47.0,EXPLORATORY
S19-L13,S19,17.0,155.44934980300337,-138.0,22,42.0,-53.0,EXPLORATORY
S19-L20,S19,23.0,144.15202159191148,-147.0,10,48.0,-47.0,EXPLORATORY
S19-L23,S19,23.0,156.15202159191148,-147.0,22,48.0,-47.0,EXPLORATORY
G053-L02,G053,11.0,137.988778886259,-159.0,10,36.0,-59.0,EXPLORATORY
G053-L19,G053,23.0,139.907322952805,-132.0,10,48.0,-47.0,EXPLORATORY
G070-L11,G070,17.0,145.27772225354175,-153.0,10,42.0,-53.0,EXPLORATORY
G070-L22,G070,23.0,157.93139351714987,-132.0,22,48.0,-47.0,EXPLORATORY
G071-L01,G071,11.0,144.47903311561333,-144.0,10,36.0,-59.0,EXPLORATORY
G071-L10,G071,17.0,145.40569833593997,-138.0,10,42.0,-53.0,EXPLORATORY
G071-L20,G071,23.0,145.97287167475847,-147.0,10,48.0,-47.0,EXPLORATORY
